polymer_smiles,solvent_smiles,T_K,volume_fraction,average_IP
*C(C#N)C*,CN(C)C=O,287,0,0.2
*CC(C)(C(=O)OC)*,CC(=O),298,0,0.48
*CC(C)(C(=O)OC)*,CC(=O),300,0,0.48
*CC(C)(C(=O)OC)*,c1ccccc1,289,0,0.47
*CC(C)(C(=O)OC)*,c1ccccc1,300,0,0.44
*CC(C)(C(=O)OC)*,CCCC(=O)CCC,275,0,0.496
*CC(C)(C(=O)OC)*,CCCC(=O)CCC,333,0,0.487
*CC(C)(C(=O)OC)*,CCCC(Cl),287,0,0.515
*CC(C)(C(=O)OC)*,CCCC(Cl),321,0,0.495
*CC(C)(C(=O)OC)*,C(Cl)(Cl)Cl,300,0,0.44
*CC(C)(C(=O)OC)*,C1CCOC1,300,0,0.42
*CC(C)(C(=O)OC)*,CCCC(=O)CCC,289,0,0.515
*CC(C)(C(=O)OC)*,CCCC(=O)CCC,335,0,0.49
*CC(C)(C(=O)OC)*,CC(C)CCOC(=O)C,293,0,0.524
*CC(C)(C(=O)OC)*,CC(C)CCOC(=O)C,333,0,0.499
*CC(C)(C(=O)OC)*,CCC(=O)CC,300,0,0.49
*CC(C)(C(=O)OC)*,C1COCCO1,298,0,0.494
*CC(C)(C(=O)OC)*,C1COCCO1,300,0,0.46
*CC(C)(C(=O)OC)*,C(c1ccccc1),300,0,0.45
*CC(C)(C(=O)OC)*,CC1=CC(=CC=C1)C,300,0,0.5
*C(OC)C*,F(c1ccccc1),313,1,0
*C(OC)C*,C(=C(Cl)Cl)(Cl)Cl,313,1,0.34
*C(OC)C*,CC(C)OC(C)C,313,1,0.76
*C(OC)C*,C1CCCC1,313,1,1.14
*C(OC)C*,C(=C(Cl)Cl)Cl,313,1,-0.26
*C(OC)C*,CCCOC(=O)C,313,1,0.25
*C(OC)C*,CCCO,313,1,0.9
*C(OC)C*,C1COCCO1,313,1,0.2
*C(OC)C*,C(Cl)Cl,313,1,-0.39
*C(OC)C*,C(Cl)(Cl)(Cl)Cl,313,1,0.06
*C(OC)C*,CCCCCCCC,313,1,1.16
*C(OC)C*,C(Cl)(Cl)Cl,313,1,-0.92
*C(OC)C*,CCCCCC,313,1,1.16
*C(OC)C*,CC(=O)C,313,1,0.75
*C(OC)C*,CCCCCCC,313,1,1.15
*C(OC)C*,CCC(=O)C,313,1,0.5
*C(OC)C*,C(c1ccccc1),313,1,0.14
*C(OC)C*,C(c1ccccc1),298,0.06,0.28
*C(OC)C*,C(c1ccccc1),298,0.15,0.26
*C(OC)C*,CC(c1ccccc1),298,0.06,0.29
*C(OC)C*,CC(c1ccccc1),298,0.16,0.27
*C(OC)C*,C1CCCCC1,313,1,1.16
*C(OC)C*,c1ccccc1,313,1,0.15
*CC(C)(C)*,CC(C)(C)C,298,1,0.82
*CC(C)(C)*,CC(C)(C)C,319,1,0.87
*CC(C)(C)*,CC(C)(C)C,308,0.8,0.82
*CC(C)(C)*,CCC(C)(C)C,296.5,0.71,0.49
*CC(C)(C)*,CCC(C)(C)C,296.5,0.85,0.46
*CC(C)(C)*,CCc1ccccc1,373,1,0.59
*CC(C)(C)*,C(C)CC,298,1,0.78
*CC(C)(C)*,C(C)CC,319,1,0.7
*CC(C)(C)*,CCC(C)C,308,1,0.65
*CC(C)(C)*,CCC(C)C,319,1,0.68
*CC(C)(C)*,CCC(C)C,298,0.8,0.65
*CC(C)(C)*,CCC(C)C,308,0.8,0.65
*CC(C)(C)*,CCl,373,1,0.91
*CC(C)(C)*,CCCCCCl,373,1,0.59
*CC(C)(C)*,CC(Cl)Cl,373,1,0.87
*CC(C)(C)*,COC(=O)C,373,1,1.55
*CC(C)(C)*,CC(Cl)(Cl)Cl,373,1,0.56
*CC(C)(C)*,CCCCCCCCCCC,373,1,0.48
*CC(C)(C)*,CCCC,298,1,0.66
*CC(C)(C)*,CCCC,373,1,0.65
*CC(C)(C)*,C1CCCCCC1,373,1,0.29
*CC(C)(C)*,C1CCCCCCC1,373,1,0.24
*CC(C)(C)*,CCCCCO,373,1,2.2
*CC(C)(C)*,CCC,308,1,0.61
*CC(C)(C)*,CCC,373,1,0.79
*CC(C)(C)*,CCCCCl,373,1,0.68
*CC(C)(C)*,C(CCl)Cl,373,1,1.13
*CC(C)(C)*,CCO,373,1,3.3
*CC(C)(C)*,CCCCO,373,1,2.45
*CC(C)(C)*,C1CCCC1,373,1,0.41
*CC(C)(C)*,C1CCCC1,296.5,0.79,0.32
*CC(C)(C)*,C1CCCC1,296.5,0.86,0.27
*CC(C)(C)*,C1CCOC1,373,1,0.68
*CC(C)(C)*,C(=C(Cl)Cl)Cl,373,1,0.54
*CC(C)(C)*,CCCOC(=O)C,373,1,1.19
*CC(C)(C)*,CCCCOC(=O)C,373,1,1.06
*CC(C)(C)*,CCCCCCCCC,298,1,0.49
*CC(C)(C)*,CCCCCCCCC,373,1,0.49
*CC(C)(C)*,CCCCCCCCCC,373,1,0.48
*CC(C)(C)*,Cl(c1ccccc1),373,1,0.7
*CC(C)(C)*,C1COCCO1,373,1,1.26
*CC(C)(C)*,C(Cl)Cl,373,1,1
*CC(C)(C)*,C(Cl)(Cl)(Cl)Cl,373,1,0.48
*CC(C)(C)*,CCCCCCCC,298,0.2,0.44
*CC(C)(C)*,CCCCCCCC,298,0.4,0.48
*CC(C)(C)*,CCCCCCCC,338,1,0.43
*CC(C)(C)*,CCCCCCCC,298,1,0.52
*CC(C)(C)*,CCCCCCCC,373,1,0.5
*CC(C)(C)*,CCOC(=O)C,373,1,1.35
*CC(C)(C)*,C(Cl)(Cl)Cl,373,1,0.78
*CC(C)(C)*,CCCCCC,298,1,0.65
*CC(C)(C)*,CCCCCC,338,1,0.5
*CC(C)(C)*,CCCCCC,373,1,0.56
*CC(C)(C)*,CCCCC,298,0,0.48
*CC(C)(C)*,CCCCC,298,1,0.75
*CC(C)(C)*,CCCCC,313,0,0.49
*CC(C)(C)*,CCCCC,308,0.4,0.62
*CC(C)(C)*,CCCCC,308,1,0.62
*CC(C)(C)*,CCCCC,338,1,0.57
*CC(C)(C)*,CCCCC,328,0.6,0.63
*CC(C)(C)*,CCCCC,328,0.8,0.63
*CC(C)(C)*,CCCCC,373,1,0.6
*CC(C)(C)*,CC(=O)C,373,1,1.9
*CC(C)(C)*,CCCCCCC,298,1,0.57
*CC(C)(C)*,CCCCCCC,338,1,0.47
*CC(C)(C)*,CCCCCCC,373,1,0.53
*CC(C)(C)*,CCC(=O)C,373,1,1.55
*CC(C)(C)*,C(c1ccccc1),373,1,0.6
*CC(C)(C)*,C1CCCCC1,281,0.2,0.437
*CC(C)(C)*,C1CCCCC1,298,1,0.55
*CC(C)(C)*,C1CCCCC1,338,1,0.4
*CC(C)(C)*,C1CCCCC1,303,0,0.44
*CC(C)(C)*,c1ccccc1,283,0.4,0.67
*CC(C)(C)*,c1ccccc1,283,0.8,0.92
*CC(C)(C)*,c1ccccc1,298,0,0.498
*CC(C)(C)*,c1ccccc1,298,1,1.06
*CC(C)(C)*,c1ccccc1,338,1,0.61
*CC(C)(C)*,c1ccccc1,300,0.6,0.73
*CC(C)(C)*,c1ccccc1,300,1,1.07
*CC(C)(C)*,c1ccccc1,303,0,0.495
*CC(C)(C)*,c1ccccc1,313,0.6,0.7
*CC(C)(C)*,c1ccccc1,313,0.8,0.8
*CC(C)(C)*,c1ccccc1,323,0,0.485
*CC(C)(C)*,c1ccccc1,323,0.2,0.583
*CC(C)(C)*,c1ccccc1,373,1,0.7
*CC(C)(C)*,c1ccccc1,310,1,1.18
*CC(C)(C)*,c1ccccc1,473,1,0.7
*CC(C)(C)*,CC(C)CC(C)(C)C,296.5,0.67,0.5
*CC(C)(C)*,CC(C)CC(C)(C)C,296.5,0.87,0.45
*CC(C)*,CCl,373,1,0.76
*CC(C)*,CCCCCCl,373,1,0.39
*CC(C)*,CC(Cl)Cl,373,1,0.7
*CC(C)*,COC(=O)C,373,1,1.37
*CC(C)*,CC(Cl)(Cl)Cl,373,1,0.37
*CC(C)*,CCCCCCCCCCC,373,1,0.17
*CC(C)*,CCCC,373,1,0.37
*CC(C)*,C1CCCCCC1,373,1,0.1
*CC(C)*,C1CCCCCCC1,373,1,0.06
*CC(C)*,CCCCCO,373,1,1.99
*CC(C)*,CCC,373,1,0.46
*CC(C)*,CCCCCl,373,1,0.48
*CC(C)*,C(CCl)Cl,373,1,0.97
*CC(C)*,CCO,373,1,3
*CC(C)*,CCCCO,373,1,2.23
*CC(C)*,C1CCCC1,373,1,0.21
*CC(C)*,C1CCOC1,373,1,0.55
*CC(C)*,C(=C(Cl)Cl)Cl,373,1,0.39
*CC(C)*,CCCOC(=O)C,373,1,0.96
*CC(C)*,CCCCOC(=O)C,373,1,0.84
*CC(C)*,CCCCCCCCC,373,1,0.2
*CC(C)*,CCCCCCCCCC,373,1,0.18
*CC(C)*,Cl(c1ccccc1),373,1,0.54
*CC(C)*,C1COCCO1,373,1,1.15
*CC(C)*,CC(c1ccccc1),373,1,0.4
*CC(C)*,C(Cl)Cl,373,1,0.86
*CC(C)*,C(Cl)(Cl)(Cl)Cl,373,1,0.29
*CC(C)*,CCCCCCCC,373,1,0.22
*CC(C)*,CCOC(=O)C,373,1,1.14
*CC(C)*,C(Cl)(Cl)Cl,373,1,0.61
*CC(C)*,CCCCCC,353,1,0.18
*CC(C)*,CCCCCC,373,1,0.28
*CC(C)*,CCCCC,373,1,0.35
*CC(C)*,CC(=O)C,373,1,1.72
*CC(C)*,CCCCCCC,373,1,0.24
*CC(C)*,CCC(=O)C,373,1,1.36
*CC(C)*,C(c1ccccc1),373,1,0.43
*CC(C)*,C1CCCCC1,298,0,0.42
*CC(C)*,c1ccccc1,298,0,0.498
*CC(C)*,c1ccccc1,373,1,0.51
*CC(c1ccc(cc1)Cl)*,CCCCOC(=O)C,303,0,0.448
*CC(c1ccc(cc1)Cl)*,Cl(c1ccccc1),303,0,0.465
*CC(c1ccc(cc1)Cl)*,C(c1ccccc1),295,0.2,0.55
*CC(c1ccc(cc1)Cl)*,C(c1ccccc1),303,0,0.489
*CC(c1ccccc1C)*,C(c1ccccc1),298,0.3,0.48
*CC(c1ccccc1C)*,C(c1ccccc1),298,0.7,0.65
*CC(c1ccccc1Cl)*,CCCCOC(=O)C,303,0,0.49
*CC(c1ccccc1Cl)*,Cl(c1ccccc1),303,0,0.472
*CC(c1ccccc1Cl)*,C(c1ccccc1),303,0,0.47
*CC(CC)*,CC(C)CC(C)C,388,1,0.4
*CC(CC)*,CCC(C)C(C)C,388,1,0.35
*CC(CC)*,CCC(CC)CC,388,1,0.34
*CC(CC)*,CC(C)CCC(C)C  ,388,1,0.36
*CC(CC)*,CCCCC(C)C,388,1,0.39
*CC(CC)*,CCCC(C)CC,388,1,0.38
*CC(CC)*,CC(C)CC(C)(C)C,388,1,0.35
*CC(CC)*,CCCCCCCCC,388,1,0.32
*CC(CC)*,CCCCCCCCCC,388,1,0.3
*CC(CC)*,CCCCCCCC,388,1,0.36
*CC(CC)*,CCCCCCC,388,1,0.38
*CC(CC)*,C(c1ccccc1),408,1,0.47
*CC(CC)*,C1CCCCC1,408,1,0.2
*CC(CC)*,c1ccccc1,408,1,0.49
*CC(Cl)*,CC=O,398,1,0.76
*CC(Cl)*,CC=O,413,1,0.69
*CC(Cl)*,C1CCC(=O)CC1,303,0,0.24
*CC(Cl)*,C1CCC(=O)CC1,342,0,0.264
*CC(Cl)*,CC[N+](=O)[O-],398,1,0.69
*CC(Cl)*,CC[N+](=O)[O-],413,1,0.61
*CC(Cl)*,CC#N,398,1,0.98
*CC(Cl)*,CC#N,413,1,0.92
*CC(Cl)*,CO,398,1,1.42
*CC(Cl)*,CO,413,1,1.24
*CC(Cl)*,C(CCl)Cl,398,1,0.55
*CC(Cl)*,C(CCl)Cl,413,1,0.49
*CC(Cl)*,C1COCCO1,287,0,0.518
*CC(Cl)*,C1COCCO1,350,0,0.454
*CC(Cl)*,C1COCCO1,398,1,0.18
*CC(Cl)*,C1COCCO1,413,1,0.13
*CC(Cl)*,C1CCOC1,398,1,0.43
*CC(Cl)*,C1CCOC1,413,1,0.34
*CC(Cl)*,CCCO,398,1,1.1
*CC(Cl)*,CCCO,413,1,0.97
*CC(Cl)*,C(Cl)Cl,393,1,1.63
*CC(Cl)*,C(Cl)(Cl)(Cl)Cl,393,1,1.14
*CC(Cl)*,CCOC(=O)C,393,1,0.94
*CC(Cl)*,C(Cl)(Cl)Cl,393,1,0.91
*CC(Cl)*,CCCCCC,393,1,2.1
*CC(Cl)*,CCCCC,393,1,1.7
*CC(Cl)*,CC(=O)C,393,1,0.77
*CC(Cl)*,CC(=O)C,413,1,0.53
*CC(Cl)*,CCCCCCC,393,1,2
*CC(Cl)*,CCCCCCC,398,1,1.64
*CC(Cl)*,CCCCCCC,413,1,1.54
*CC(Cl)*,CCC(=O)C,273,0,0.492
*CC(Cl)*,CCC(=O)C,323,0,0.413
*CC(Cl)*,CCC(=O)C,393,1,0.59
*CC(Cl)*,C(c1ccccc1),398,1,0.45
*CC(Cl)*,C(c1ccccc1),413,1,0.41
*CC(Cl)*,C1CCCCC1,398,1,1.21
*CC(Cl)*,C1CCCCC1,413,1,1.09
*CC(Cl)*,c1ccccc1,393,1,0.75
*CC(Cl)*,c1ccccc1,398,1,0.41
*CC(Cl)*,c1ccccc1,413,1,0.37
*CC(O)*,O,303,0,0.494
*CC(OC(Cl)C)*,CCl,373,1,0.36
*CC(OC(Cl)C)*,CCCCCCl,373,1,0.65
*CC(OC(Cl)C)*,CC(Cl)Cl,373,1,0.33
*CC(OC(Cl)C)*,COC(=O)C,373,1,0.39
*CC(OC(Cl)C)*,CC(Cl)(Cl)Cl,373,1,0.46
*CC(OC(Cl)C)*,CCCCCCCCCCC,373,1,2.24
*CC(OC(Cl)C)*,CCCC,373,1,1.65
*CC(OC(Cl)C)*,C1CCCCCC1,373,1,1.19
*CC(OC(Cl)C)*,C1CCCCCCC1,373,1,1.2
*CC(OC(Cl)C)*,CCCCCO,373,1,1.03
*CC(OC(Cl)C)*,CCC,373,1,1.71
*CC(OC(Cl)C)*,CCCCCl,373,1,0.62
*CC(OC(Cl)C)*,C(CCl)Cl,373,1,0.2
*CC(OC(Cl)C)*,CCO,373,1,1.58
*CC(OC(Cl)C)*,CCCCO,373,1,1.12
*CC(OC(Cl)C)*,C1CCCC1,373,1,1.16
*CC(OC(Cl)C)*,C1CCOC1,373,1,0.01
*CC(OC(Cl)C)*,C(=C(Cl)Cl)Cl,373,1,0.53
*CC(OC(Cl)C)*,CCCOC(=O)C,373,1,0.33
*CC(OC(Cl)C)*,CCCCOC(=O)C,373,1,0.36
*CC(OC(Cl)C)*,CCCCCCCCC,373,1,1.99
*CC(OC(Cl)C)*,CCCO,373,1,1.22
*CC(OC(Cl)C)*,CCCCCCCCCC,373,1,2.12
*CC(OC(Cl)C)*,Cl(c1ccccc1),373,1,0.24
*CC(OC(Cl)C)*,C1COCCO1,373,1,0.04
*CC(OC(Cl)C)*,CC(c1ccccc1),373,1,0.44
*CC(OC(Cl)C)*,C(Cl)Cl,373,1,0.18
*CC(OC(Cl)C)*,C(Cl)(Cl)(Cl)Cl,373,1,0.69
*CC(OC(Cl)C)*,CCCCCCCC,373,1,1.89
*CC(OC(Cl)C)*,CCOC(=O)C,373,1,0.35
*CC(OC(Cl)C)*,C(Cl)(Cl)Cl,373,1,0.25
*CC(OC(Cl)C)*,CCCCCC,373,1,1.72
*CC(OC(Cl)C)*,CCCCC,373,1,1.64
*CC(OC(Cl)C)*,CC(=O)C,373,1,0.28
*CC(OC(Cl)C)*,CCCCCCC,373,1,1.79
*CC(OC(Cl)C)*,CCC(=O)C,373,1,0.2
*CC(OC(Cl)C)*,C(c1ccccc1),373,1,0.31
*CC(OC(Cl)C)*,c1ccccc1,373,1,0.25
*CC/C=C(/C)\*,C1CCCCC1,293,0,0.31
*CC/C=C(/C)\*,C1CCCCC1,293,0.2,0.31
*CC/C=C(/C)\*,C1CCCCC1,296.5,0.64,0.29
*CC/C=C(/C)\*,C1CCCCC1,296.5,0.84,0.21
*CC/C=C(/C)\*,CCCC(C)C,298,1,0.56
*CC/C=C(/C)\*,CCCC(C)C,328,1,0.52
*CC/C=C(/C)\*,CCCCCC(C)C,298,1,0.5
*CC/C=C(/C)\*,CCCCCC(C)C,328,1,0.47
*CC/C=C(/C)\*,CCCCC(C)C,298,1,0.51
*CC/C=C(/C)\*,CCCCC(C)C,328,1,0.51
*CC/C=C(/C)\*,CC(C)CC(C)(C)C,298,1,0.49
*CC/C=C(/C)\*,CC(C)CC(C)(C)C,328,1,0.46
*CC/C=C(/C)\*,CC1=CC=C(C=C1)C,298,1,0.27
*CC/C=C(/C)\*,CC(c1ccccc1),298,1,0.34
*CC/C=C(/C)\*,CC(c1ccccc1),328,1,0.3
*CC/C=C(/C)\*,CCCCCC,298,1,0.54
*CC/C=C(/C)\*,CCCCCC,328,1,0.5
*CC/C=C(/C)\*,CCCCC,298,1,0.61
*CC/C=C(/C)\*,CCCCC,328,1,0.53
*CC/C=C(/C)\*,CC(=O)C,273,1,2.1
*CC/C=C(/C)\*,CC(=O)C,298,0.8,1.27
*CC/C=C(/C)\*,CC(=O)C,298,1,1.8
*CC/C=C(/C)\*,CCCCCCC,298,1,0.5
*CC/C=C(/C)\*,CCCCCCC,328,1,0.5
*CC/C=C(/C)\*,CCCCCCC,296.5,0.68,0.37
*CC/C=C(/C)\*,CCCCCCC,296.5,0.84,0.29
*CC/C=C(/C)\*,CCC(=O)C,298,0.6,0.86
*CC/C=C(/C)\*,CCC(=O)C,298,1,1.43
*CC/C=C(/C)\*,CCC(=O)C,318,0.6,0.83
*CC/C=C(/C)\*,CCC(=O)C,318,1,1.2
*CC/C=C(/C)\*,C(c1ccccc1),298,1,0.36
*CC/C=C(/C)\*,C(c1ccccc1),328,1,0.32
*CC/C=C(/C)\*,c1ccccc1,283,0.6,0.42
*CC/C=C(/C)\*,c1ccccc1,283,0.8,0.42
*CC/C=C(/C)\*,c1ccccc1,298,0,0.4
*CC/C=C(/C)\*,c1ccccc1,328,1,0.43
*CC/C=C(/C)\*,c1ccccc1,296.5,0.69,0.33
*CC/C=C(/C)\*,c1ccccc1,296.5,0.86,0.28
*CC/C=C(/C)\*,c1ccccc1,313,0.8,0.41
*CC/C=C(/C)\*,C(Cl)(Cl)(Cl)Cl,296.5,0.69,0.14
*CC/C=C(/C)\*,C(Cl)(Cl)(Cl)Cl,296.5,0.84,0.02
*CC/C=C(/C)\*,C(Cl)(Cl)Cl,296.5,0.66,0.19
*CC/C=C(/C)\*,C(Cl)(Cl)Cl,296.5,0.85,-0.01
*CC/C=C(/C)\*,C(Cl)Cl,296.5,0.69,0.54
*CC/C=C(/C)\*,C(Cl)Cl,296.5,0.89,0.51
*CC/C=C(/C)\*,CCOC(=O)C,298,1,1.24
*CC/C=C(/C)\*,CCOC(=O)C,323,1,1
*CC/C=C(/C)\*,CCCCCCCC,328,1,0.46
*CC=C(Cl)C*,CCl,373,1,0.52
*CC=C(Cl)C*,CCCCCCl,373,1,0.33
*CC=C(Cl)C*,CC(Cl)Cl,373,1,0.37
*CC=C(Cl)C*,COC(=O)C,373,1,0.81
*CC=C(Cl)C*,CC(Cl)(Cl)Cl,373,1,0.21
*CC=C(Cl)C*,CCCCCCCCCCC,373,1,0.96
*CC=C(Cl)C*,CCCC,373,1,0.99
*CC=C(Cl)C*,C1CCCCCC1,373,1,0.45
*CC=C(Cl)C*,C1CCCCCCC1,373,1,0.4
*CC=C(Cl)C*,CCCCCO,373,1,1.41
*CC=C(Cl)C*,CCC,373,1,1.36
*CC=C(Cl)C*,CCCCCl,373,1,0.39
*CC=C(Cl)C*,C(CCl)Cl,373,1,0.48
*CC=C(Cl)C*,CCO,373,1,2.27
*CC=C(Cl)C*,CCCCO,373,1,1.61
*CC=C(Cl)C*,C1CCCC1,373,1,0.55
*CC=C(Cl)C*,C1CCOC1,373,1,0.06
*CC=C(Cl)C*,C(=C(Cl)Cl)Cl,373,1,0.24
*CC=C(Cl)C*,CCCOC(=O)C,373,1,0.51
*CC=C(Cl)C*,CCCCOC(=O)C,373,1,0.44
*CC=C(Cl)C*,CCCCCCCCC,373,1,0.92
*CC=C(Cl)C*,CCCO,373,1,1.83
*CC=C(Cl)C*,CCCCCCCCCC,373,1,0.94
*CC=C(Cl)C*,Cl(c1ccccc1),373,1,0.1
*CC=C(Cl)C*,C1COCCO1,373,1,0.46
*CC=C(Cl)C*,CC(c1ccccc1),373,1,0.16
*CC=C(Cl)C*,C(Cl)Cl,373,1,0.43
*CC=C(Cl)C*,C(Cl)(Cl)(Cl)Cl,373,1,0.23
*CC=C(Cl)C*,CCCCCCCC,373,1,0.9
*CC=C(Cl)C*,CCOC(=O)C,373,1,0.64
*CC=C(Cl)C*,C(Cl)(Cl)Cl,373,1,0.28
*CC=C(Cl)C*,CCCCCC,373,1,0.91
*CC=C(Cl)C*,CCCCC,373,1,0.96
*CC=C(Cl)C*,CC(=O)C,373,1,0.87
*CC=C(Cl)C*,CCCCCCC,373,1,0.88
*CC=C(Cl)C*,CCC(=O)C,373,1,0.61
*CC=C(Cl)C*,C(c1ccccc1),373,1,0.14
*CC=C(Cl)C*,c1ccccc1,373,1,0.18
*CCCCC(=O)O*,C(Cl)Cl,393,1,0.86
*CCCCC(=O)O*,C(Cl)(Cl)(Cl)Cl,393,1,0.61
*CCCCC(=O)O*,CCOC(=O)C,393,1,0.54
*CCCCC(=O)O*,C(Cl)(Cl)Cl,393,1,-0.02
*CCCCC(=O)O*,CCCCCC,393,1,1.6
*CCCCC(=O)O*,CCCCC,393,1,1.5
*CCCCC(=O)O*,CC(=O)C,393,1,0.64
*CCCCC(=O)O*,CCCCCCC,393,1,1.6
*CCCCC(=O)O*,CCC(=O)C,393,1,0.43
*CCCCC(=O)O*,c1ccccc1,393,1,0.34
*CCCCCC(=O)O*,CCl,373,1,0.16
*CCCCCC(=O)O*,CCCCCCl,373,1,0.33
*CCCCCC(=O)O*,CC(Cl)Cl,373,1,-0.04
*CCCCCC(=O)O*,COC(=O)C,343,1,0.35
*CCCCCC(=O)O*,COC(=O)C,413,1,0.32
*CCCCCC(=O)O*,COC(=O)C,373,1,0.39
*CCCCCC(=O)O*,CC(Cl)(Cl)Cl,373,1,0.07
*CCCCCC(=O)O*,CCCCCCCCCCC,373,1,1.52
*CCCCCC(=O)O*,CCCC,373,1,1.22
*CCCCCC(=O)O*,C1CCCCCC1,373,1,0.83
*CCCCCC(=O)O*,C1CCCCCCC1,373,1,0.83
*CCCCCC(=O)O*,CCCCCO,373,1,0.46
*CCCCCC(=O)O*,CCC,373,1,1.21
*CCCCCC(=O)O*,CCCCCl,373,1,0.33
*CCCCCC(=O)O*,C(CCl)Cl,373,1,-0.14
*CCCCCC(=O)O*,CCO,373,1,1.01
*CCCCCC(=O)O*,CCCCO,373,1,0.59
*CCCCCC(=O)O*,C1CCCC1,373,1,0.82
*CCCCCC(=O)O*,C1CCOC1,373,1,0.13
*CCCCCC(=O)O*,C(=C(Cl)Cl)Cl,373,1,0.02
*CCCCCC(=O)O*,CCCOC(=O)C,343,1,0.29
*CCCCCC(=O)O*,CCCOC(=O)C,413,1,0.24
*CCCCCC(=O)O*,CCCOC(=O)C,373,1,0.39
*CCCCCC(=O)O*,CCCCOC(=O)C,373,1,0.31
*CCCCCC(=O)O*,CCCCOC(=O)C,343,1,0.21
*CCCCCC(=O)O*,CCCCOC(=O)C,413,1,0.26
*CCCCCC(=O)O*,CCCCCCCCC,373,1,1.37
*CCCCCC(=O)O*,CCCO,373,1,0.72
*CCCCCC(=O)O*,CCCCCCCCCC,373,1,1.44
*CCCCCC(=O)O*,Cl(c1ccccc1),373,1,-0.08
*CCCCCC(=O)O*,Cl(c1ccccc1),353,1,-0.18
*CCCCCC(=O)O*,Cl(c1ccccc1),413,1,-0.06
*CCCCCC(=O)O*,C1COCCO1,373,1,0.13
*CCCCCC(=O)O*,CC(c1ccccc1),373,1,0.16
*CCCCCC(=O)O*,CC(c1ccccc1),343,1,0.1
*CCCCCC(=O)O*,CC(c1ccccc1),413,1,0.14
*CCCCCC(=O)O*,C(Cl)Cl,373,1,-0.26
*CCCCCC(=O)O*,C(Cl)(Cl)(Cl)Cl,373,1,0.25
*CCCCCC(=O)O*,C(Cl)(Cl)(Cl)Cl,393,1,0.37
*CCCCCC(=O)O*,CCCCCCCC,373,1,1.3
*CCCCCC(=O)O*,CCOC(=O)C,373,1,0.36
*CCCCCC(=O)O*,CCOC(=O)C,393,1,0.42
*CCCCCC(=O)O*,CCOC(=O)C,343,1,0.42
*CCCCCC(=O)O*,CCOC(=O)C,413,1,0.29
*CCCCCC(=O)O*,CCCC(C)OC(=O)C,343,1,0.4
*CCCCCC(=O)O*,CCCC(C)OC(=O)C,413,1,0.28
*CCCCCC(=O)O*,CCC(c1ccccc1),363,1,0.2
*CCCCCC(=O)O*,CCC(c1ccccc1),413,1,0.19
*CCCCCC(=O)O*,CC(c1ccccc1)C,353,1,0.1
*CCCCCC(=O)O*,CC(c1ccccc1)C,413,1,0.13
*CCCCCC(=O)O*,C(Cl)(Cl)Cl,373,1,-0.4
*CCCCCC(=O)O*,C(Cl)(Cl)Cl,393,1,-0.22
*CCCCCC(=O)O*,CCCCCC,373,1,1.2
*CCCCCC(=O)O*,CCCCC,373,1,1.2
*CCCCCC(=O)O*,CC(=O)C,373,1,0.46
*CCCCCC(=O)O*,CC(=O)C,393,1,0.54
*CCCCCC(=O)O*,CCCCCCC,373,1,1.2
*CCCCCC(=O)O*,CCC(=O)C,373,1,0.36
*CCCCCC(=O)O*,CCC(=O)C,393,1,0.45
*CCCCCC(=O)O*,C(c1ccccc1),373,1,0.08
*CCCCCC(=O)O*,C(c1ccccc1),343,1,-0.01
*CCCCCC(=O)O*,C(c1ccccc1),413,1,0.07
*CCCCCC(=O)O*,c1ccccc1,373,1,0.06
*CCCCCC(=O)O*,c1ccccc1,393,1,0.11
*CCCCCC(=O)O*,c1ccccc1,343,1,-0.04
*CCCCCC(=O)O*,c1ccccc1,413,1,0.01
*CCCCO*,CCl,373,1,0.19
*CCCCO*,CCCCCCl,373,1,0.18
*CCCCO*,CC(Cl)Cl,373,1,0
*CCCCO*,COC(=O)C,373,1,0.58
*CCCCO*,CC(Cl)(Cl)Cl,373,1,-0.02
*CCCCO*,CCCCCCCCCCC,373,1,0.83
*CCCCO*,CCCC,373,1,0.76
*CCCCO*,C1CCCCCC1,373,1,0.41
*CCCCO*,C1CCCCCCC1,373,1,0.4
*CCCCO*,CCCCCO,373,1,0.37
*CCCCO*,CCC,373,1,0.9
*CCCCO*,CCCCCl,373,1,0.22
*CCCCO*,C(CCl)Cl,373,1,0.05
*CCCCO*,CCO,373,1,1.08
*CCCCO*,CCCCO,373,1,0.54
*CCCCO*,C1CCCC1,373,1,0.45
*CCCCO*,C1CCOC1,373,1,0.13
*CCCCO*,C(=C(Cl)Cl)Cl,373,1,-0.06
*CCCCO*,CCCOC(=O)C,373,1,0.36
*CCCCO*,CCCCOC(=O)C,373,1,0.3
*CCCCO*,CCCCCCCCC,373,1,0.78
*CCCCO*,CCCO,373,1,0.71
*CCCCO*,CCCCCCCCCC,373,1,0.8
*CCCCO*,Cl(c1ccccc1),373,1,-0.09
*CCCCO*,C1COCCO1,373,1,0.39
*CCCCO*,CC(c1ccccc1),373,1,0.07
*CCCCO*,C(Cl)Cl,373,1,-0.12
*CCCCO*,C(Cl)(Cl)(Cl)Cl,373,1,0.1
*CCCCO*,CCCCCCCC,373,1,0.75
*CCCCO*,CCOC(=O)C,373,1,0.45
*CCCCO*,C(Cl)(Cl)Cl,373,1,-0.38
*CCCCO*,CCCCCC,373,1,0.74
*CCCCO*,CCCCC,373,1,0.76
*CCCCO*,CC(=O)C,373,1,0.73
*CCCCO*,CCCCCCC,373,1,0.73
*CCCCO*,CCC(=O)C,373,1,0.53
*CCCCO*,C(c1ccccc1),373,1,0.04
*CCCCO*,c1ccccc1,373,1,0.04
*CCCCOC(=O)CCCCC(=O)O*,C(Cl)Cl,393,1,0.7
*CCCCOC(=O)CCCCC(=O)O*,C(Cl)(Cl)(Cl)Cl,393,1,0.55
*CCCCOC(=O)CCCCC(=O)O*,CCOC(=O)C,393,1,0.43
*CCCCOC(=O)CCCCC(=O)O*,C(Cl)(Cl)Cl,393,1,-0.06
*CCCCOC(=O)CCCCC(=O)O*,CCCCCC,393,1,1.4
*CCCCOC(=O)CCCCC(=O)O*,CCCCC,393,1,1.3
*CCCCOC(=O)CCCCC(=O)O*,CC(=O)C,393,1,0.54
*CCCCOC(=O)CCCCC(=O)O*,CCCCCCC,393,1,1.5
*CCCCOC(=O)CCCCC(=O)O*,CCC(=O)C,393,1,0.43
*CCCCOC(=O)CCCCC(=O)O*,c1ccccc1,393,1,0.27
*CCO*,CCl,373,1,0.12
*CCO*,CCCCCCl,373,1,0.63
*CCO*,CC(Cl)Cl,373,1,-0.04
*CCO*,COC(=O)C,373,1,0.36
*CCO*,CC(Cl)(Cl)Cl,373,1,0.2
*CCO*,CCCCCCCCCCC,373,1,2.22
*CCO*,CCCC,373,1,1.64
*CCO*,C1CCCCCC1,373,1,1.23
*CCO*,C1CCCCCCC1,373,1,1.26
*CCO*,CCCCCO,373,1,0.34
*CCO*,CCC,373,1,2.17
*CCO*,CCCCCl,373,1,0.57
*CCO*,C(CCl)Cl,373,1,-0.31
*CCO*,CCO,373,1,0.7
*CCO*,CCCCO,373,1,0.41
*CCO*,C1CCCC1,373,1,1.12
*CCO*,C1CCOC1,373,1,0.3
*CCO*,C(=C(Cl)Cl)Cl,373,1,0.08
*CCO*,CCCOC(=O)C,373,1,0.43
*CCO*,CCCCOC(=O)C,373,1,0.48
*CCO*,CCCCCCCCC,373,1,1.97
*CCO*,CCCO,373,1,0.47
*CCO*,CCCCCCCCCC,373,1,2.1
*CCO*,Cl(c1ccccc1),373,1,-0.04
*CCO*,C1COCCO1,373,1,0.2
*CCO*,CC(c1ccccc1),373,1,0.4
*CCO*,C(Cl)Cl,373,1,-0.51
*CCO*,C(Cl)(Cl)(Cl)Cl,373,1,0.38
*CCO*,CCCCCCCC,373,1,1.85
*CCO*,CCOC(=O)C,373,1,0.39
*CCO*,C(Cl)(Cl)Cl,373,1,-0.55
*CCO*,CCCCCC,373,1,1.7
*CCO*,CCCCC,373,1,1.66
*CCO*,CC(=O)C,373,1,0.47
*CCO*,CCCCCCC,373,1,1.75
*CCO*,CCC(=O)C,373,1,0.43
*CCO*,C(c1ccccc1),373,1,0.26
*CCO*,c1ccccc1,323,0.2,0.18
*CCO*,c1ccccc1,323,0.6,0.1
*CCO*,c1ccccc1,343,0.2,0.19
*CCO*,c1ccccc1,343,0.8,0.09
*CCO*,c1ccccc1,373,1,0.13
*CCOC(=O)CCCCC(=O)O*,C(Cl)Cl,393,1,0.96
*CCOC(=O)CCCCC(=O)O*,C(Cl)(Cl)(Cl)Cl,393,1,0.88
*CCOC(=O)CCCCC(=O)O*,CCOC(=O)C,393,1,0.55
*CCOC(=O)CCCCC(=O)O*,C(Cl)(Cl)Cl,393,1,0.29
*CCOC(=O)CCCCC(=O)O*,CCCCCC,393,1,2
*CCOC(=O)CCCCC(=O)O*,CCCCC,393,1,1.8
*CCOC(=O)CCCCC(=O)O*,CC(=O)C,393,1,0.53
*CCOC(=O)CCCCC(=O)O*,CCCCCCC,393,1,2.1
*CCOC(=O)CCCCC(=O)O*,CCC(=O)C,393,1,0.88
*CCOC(=O)CCCCC(=O)O*,c1ccccc1,393,1,0.58
*O[Si](C)(C)*,CC(C)CC(=O)CC(C)C,308,0.08,0.45
*O[Si](C)(C)*,CC(C)CC(=O)CC(C)C,308,0.22,0.49
*O[Si](C)(C)*,CCCCC(=O)CC,308,0.08,0.48
*O[Si](C)(C)*,CCCCC(=O)CC,308,0.29,0.56
*O[Si](C)(C)*,CCCCC(=O)CC,323,0.08,0.47
*O[Si](C)(C)*,CCCCC(=O)CC,323,0.26,0.53
*O[Si](C)(C)*,C[Si]1(O[Si](O[Si](O[Si](O1)(C)C)(C)C)(C)C)C,298,0.1,0.31
*O[Si](C)(C)*,C[Si]1(O[Si](O[Si](O[Si](O1)(C)C)(C)C)(C)C)C,298,0.17,0.36
*O[Si](C)(C)*,C[Si](C)(C)O[Si](C)(C)C,296,0.4,0.3
*O[Si](C)(C)*,C[Si](C)(C)O[Si](C)(C)C,296,1,0.25
*O[Si](C)(C)*,C[Si](C)(C)O[Si](C)(C)C,298,1,0.28
*O[Si](C)(C)*,C[Si](C)(C)O[Si](C)(C)C,343,1,0.34
*O[Si](C)(C)*,C[Si](C)(C)O[Si](C)(C)O[Si](C)(C)C,296,0.4,0.22
*O[Si](C)(C)*,C[Si](C)(C)O[Si](C)(C)O[Si](C)(C)C,296,1,0.14
*O[Si](C)(C)*,CCCC(C)C,298,1,0.44
*O[Si](C)(C)*,CC(C)CC(=O)C,293,0.1,0.49
*O[Si](C)(C)*,CC(C)CC(=O)C,293,0.22,0.55
*O[Si](C)(C)*,CC(C)CC(=O)C,308,0.09,0.48
*O[Si](C)(C)*,CC(C)CC(=O)C,308,0.24,0.53
*O[Si](C)(C)*,Cc1cc(cc(c1)C)C,298,1,0.905
*O[Si](C)(C)*,CCCCCC(C)C,298,1,0.5
*O[Si](C)(C)*,CCCCC(C)C,298,1,0.45
*O[Si](C)(C)*,Cc1ccccc1C,298,1,0.86
*O[Si](C)(C)*,Cc1ccccc1C,343,1,0.8
*O[Si](C)(C)*,CCC(C)C,298,1,0.39
*O[Si](C)(C)*,CCC(C)C,373,1,1.1
*O[Si](C)(C)*,CC1=CC(=CC=C1)C,298,1,0.79
*O[Si](C)(C)*,CCCC(C)CC,298,1,0.44
*O[Si](C)(C)*,CC(C)CC(C)(C)C,298,1,0.44
*O[Si](C)(C)*,CC1=CC=C(C=C1)C,298,0.6,0.58
*O[Si](C)(C)*,CC1=CC=C(C=C1)C,343,1,0.77
*O[Si](C)(C)*,CCl,373,1,0.44
*O[Si](C)(C)*,CCCCCCl,373,1,0.48
*O[Si](C)(C)*,CC(Cl)Cl,373,1,0.6
*O[Si](C)(C)*,COC(=O)C,373,1,1.01
*O[Si](C)(C)*,CC(Cl)(Cl)Cl,373,1,0.37
*O[Si](C)(C)*,CCCCCCCCCCC,373,1,0.58
*O[Si](C)(C)*,CCCC,373,1,0.25
*O[Si](C)(C)*,C1CCCCCC1,298,1,0.56
*O[Si](C)(C)*,C1CCCCCC1,343,1,0.53
*O[Si](C)(C)*,C1CCCCCC1,373,1,0.42
*O[Si](C)(C)*,C1CCCCCCC1,298,1,0.66
*O[Si](C)(C)*,C1CCCCCCC1,343,1,0.61
*O[Si](C)(C)*,C1CCCCCCC1,373,1,0.5
*O[Si](C)(C)*,CCCCCO,373,1,1.75
*O[Si](C)(C)*,CCC,373,1,0.21
*O[Si](C)(C)*,CCCCCl,373,1,0.49
*O[Si](C)(C)*,C(CCl)Cl,373,1,0.96
*O[Si](C)(C)*,CCO,373,1,2.6
*O[Si](C)(C)*,CCCCO,373,1,1.91
*O[Si](C)(C)*,C1CCCC1,298,1,0.44
*O[Si](C)(C)*,C1CCCC1,373,1,0.28
*O[Si](C)(C)*,C1CCOC1,373,1,0.48
*O[Si](C)(C)*,C(=C(Cl)Cl)Cl,373,1,0.53
*O[Si](C)(C)*,CCCOC(=O)C,373,1,0.72
*O[Si](C)(C)*,CCCCOC(=O)C,373,1,0.68
*O[Si](C)(C)*,CCCCCCCCC,293,0.21,0.49
*O[Si](C)(C)*,CCCCCCCCC,293,0.07,0.48
*O[Si](C)(C)*,CCCCCCCCC,323,0.21,0.49
*O[Si](C)(C)*,CCCCCCCCC,323,0.07,0.46
*O[Si](C)(C)*,CCCCCCCCC,373,1,0.45
*O[Si](C)(C)*,CCCO,373,1,2.06
*O[Si](C)(C)*,CCCCCCCCCC,373,1,0.51
*O[Si](C)(C)*,Cl(c1ccccc1),293,0,0.475
*O[Si](C)(C)*,Cl(c1ccccc1),293,0.2,0.54
*O[Si](C)(C)*,Cl(c1ccccc1),333,0,0.455
*O[Si](C)(C)*,Cl(c1ccccc1),333,0.2,0.52
*O[Si](C)(C)*,Cl(c1ccccc1),373,1,0.76
*O[Si](C)(C)*,C1COCCO1,343,1,1.18
*O[Si](C)(C)*,C1COCCO1,298,1,1.32
*O[Si](C)(C)*,C1COCCO1,373,1,1.06
*O[Si](C)(C)*,CC(c1ccccc1),297,0.4,0.54
*O[Si](C)(C)*,CC(c1ccccc1),297,1,0.77
*O[Si](C)(C)*,CC(c1ccccc1),373,1,0.62
*O[Si](C)(C)*,C(Cl)Cl,373,1,0.69
*O[Si](C)(C)*,C(Cl)(Cl)(Cl)Cl,373,1,0.36
*O[Si](C)(C)*,CCCCCCCC,293,1,0.5
*O[Si](C)(C)*,CCCCCCCC,293,0.05,0.45
*O[Si](C)(C)*,CCCCCCCC,293,0.21,0.46
*O[Si](C)(C)*,CCCCCCCC,323,0.06,0.43
*O[Si](C)(C)*,CCCCCCCC,323,0.19,0.45
*O[Si](C)(C)*,CCCCCCCC,298,1,0.56
*O[Si](C)(C)*,CCCCCCCC,373,1,0.4
*O[Si](C)(C)*,CCOC(=O)C,373,1,0.82
*O[Si](C)(C)*,C(Cl)(Cl)Cl,373,1,0.6
*O[Si](C)(C)*,CCCCCC,293,0.2,0.39
*O[Si](C)(C)*,CCCCCC,298,1,0.46
*O[Si](C)(C)*,CCCCCC,293,0.03,0.39
*O[Si](C)(C)*,CCCCCC,293,0.17,0.37
*O[Si](C)(C)*,CCCCCC,303,0.86,0.387
*O[Si](C)(C)*,CCCCCC,303,1,0.397
*O[Si](C)(C)*,CCCCCC,323,0.06,0.41
*O[Si](C)(C)*,CCCCCC,373,1,0.3
*O[Si](C)(C)*,CCCCC,293,0.4,0.415
*O[Si](C)(C)*,CCCCC,293,1,0.43
*O[Si](C)(C)*,CCCCC,373,1,0.31
*O[Si](C)(C)*,CC(=O)C,373,1,1.33
*O[Si](C)(C)*,CCCCCCC,293,0.4,0.46
*O[Si](C)(C)*,CCCCCCC,298,1,0.49
*O[Si](C)(C)*,CCCCCCC,308,0.06,0.42
*O[Si](C)(C)*,CCCCCCC,373,1,0.35
*O[Si](C)(C)*,CCC(=O)C,293,0.08,0.52
*O[Si](C)(C)*,CCC(=O)C,293,0.3,0.61
*O[Si](C)(C)*,CCC(=O)C,303,0.35,0.44
*O[Si](C)(C)*,CCC(=O)C,303,0.66,0.66
*O[Si](C)(C)*,CCC(=O)C,323,0.08,0.5
*O[Si](C)(C)*,CCC(=O)C,323,0.29,0.58
*O[Si](C)(C)*,CCC(=O)C,308,0.1,0.575
*O[Si](C)(C)*,C(c1ccccc1),293,0,0.445
*O[Si](C)(C)*,C(c1ccccc1),293,1,0.82
*O[Si](C)(C)*,C(c1ccccc1),303,0.07,0.47
*O[Si](C)(C)*,C(c1ccccc1),303,0.45,0.57
*O[Si](C)(C)*,C(c1ccccc1),373,1,0.59
*O[Si](C)(C)*,C1CCCCC1,293,0,0.409
*O[Si](C)(C)*,C1CCCCC1,293,0.2,0.44
*O[Si](C)(C)*,C1CCCCC1,298,0.2,0.46
*O[Si](C)(C)*,C1CCCCC1,298,0.6,0.5
*O[Si](C)(C)*,C1CCCCC1,298,1,0.48
*O[Si](C)(C)*,C1CCCCC1,303,0.35,0.42
*O[Si](C)(C)*,C1CCCCC1,373,1,0.35
*O[Si](C)(C)*,c1ccccc1,293,0.4,0.64
*O[Si](C)(C)*,c1ccccc1,293,1,0.85
*O[Si](C)(C)*,c1ccccc1,298,0.2,0.56
*O[Si](C)(C)*,c1ccccc1,303,0.08,0.5
*O[Si](C)(C)*,c1ccccc1,303,0.47,0.36
*O[Si](C)(C)*,c1ccccc1,303,0.88,0.745
*O[Si](C)(C)*,c1ccccc1,303,1,0.759
*O[Si](C)(C)*,c1ccccc1,343,1,0.74
*O[Si](C)(C)*,c1ccccc1,313,1,0.79
*O[Si](C)(C)*,CC1=CC(=CC(=C1)C)C,298,1,0.95
*O[Si](C)(C)*,CC1=CC(=CC(=C1)C)C,343,1,0.86
*OC(C(=O)*)C,C(Cl)Cl,393,1,0.99
*OC(C(=O)*)C,C(Cl)(Cl)(Cl)Cl,393,1,0.89
*OC(C(=O)*)C,CCOC(=O)C,393,1,0.46
*OC(C(=O)*)C,C(Cl)(Cl)Cl,393,1,0.32
*OC(C(=O)*)C,CCCCCC,393,1,2
*OC(C(=O)*)C,CCCCC,393,1,1.6
*OC(C(=O)*)C,CC(=O)C,393,1,0.56
*OC(C(=O)*)C,CCCCCCC,393,1,2
*OC(C(=O)*)C,CCC(=O)C,393,1,0.53
*OC(C(=O)*)C,c1ccccc1,393,1,0.52
[*]CC(=O)OCC2OC(OC1C(O)C(OC(C)=O)C(O)OC1COC(C)=O)C(OC(C)=O)C(O)C2[*],CC(=O)C,298,0,0.44
[*]CC(=O)OCC2OC(OC1C(O)C(OC(C)=O)C(O)OC1COC(C)=O)C(OC(C)=O)C(O)C2[*],CC(=O)O,298,0,0.4
[*]CC(=O)OCC2OC(OC1C(O)C(OC(C)=O)C(O)OC1COC(C)=O)C(OC(C)=O)C(O)C2[*],C1=CC=C(C=C1)N,298,0,0.3575
[*]CC(=O)OCC2OC(OC1C(O)C(OC(C)=O)C(O)OC1COC(C)=O)C(OC(C)=O)C(O)C2[*],C1COCCO1,298,0,0.38
[*]CC(=O)OCC2OC(OC1C(O)C(OC(C)=O)C(O)OC1COC(C)=O)C(OC(C)=O)C(O)C2[*],CC(=O)OC,298,0,0.45
[*]CC(=O)OCC2OC(OC1C(O)C(OC(C)=O)C(O)OC1COC(C)=O)C(OC(C)=O)C(O)C2[*],C[N+](=O)[O-],298,0,0.43
[*]CC(=O)OCC2OC(OC1C(O)C(OC(C)=O)C(O)OC1COC(C)=O)C(OC(C)=O)C(O)C2[*],CC1=CC=CC=N1,298,0,0.36
[*]CC(=O)OCC2OC(OC1C(O)C(OC(C)=O)C(O)OC1COC(C)=O)C(OC(C)=O)C(O)C2[*],CC1=CN=CC=C1,298,0,0.285
[*]CC(=O)OCC2OC(OC1C(O)C(OC(C)=O)C(O)OC1COC(C)=O)C(OC(C)=O)C(O)C2[*],CC1=CC=NC=C1,298,0,0.26
[*]CC(=O)OCC2OC(OC1C(O)C(OC(C)=O)C(O)OC1COC(C)=O)C(OC(C)=O)C(O)C2[*],C1=CC=NC=C1,298,0,0.28
[*]CC(=O)OCC2OC(OC1C(O)C(OC(C)=O)C(O)OC1COC(C)=O)C(OC(C)=O)C(O)C2[*],CC(=O)C,303,0.2,0.3
[*]CC(=O)OCC2OC(OC1C(O)C(OC(C)=O)C(O)OC1COC(C)=O)C(OC(C)=O)C(O)C2[*],CC(=O)C,303,0.4,0.51
[*]CC(=O)OCC2OC(OC1C(O)C(OC(C)=O)C(O)OC1COC(C)=O)C(OC(C)=O)C(O)C2[*],C1COCCO1,303,0.2,0.31
[*]CC(=O)OCC2OC(OC1C(O)C(OC(C)=O)C(O)OC1COC(C)=O)C(OC(C)=O)C(O)C2[*],C1COCCO1,303,0.4,0.51
[*]CC(=O)OCC2OC(OC1C(O)C(OC(C)=O)C(O)OC1COC(C)=O)C(OC(C)=O)C(O)C2[*],CC(=O)OC,303,0.2,0.43
[*]CC(=O)OCC2OC(OC1C(O)C(OC(C)=O)C(O)OC1COC(C)=O)C(OC(C)=O)C(O)C2[*],CC(=O)OC,303,0.4,0.59
[*]CC(=O)OCC2OC(OC1C(O)C(OC(C)=O)C(O)OC1COC(C)=O)C(OC(C)=O)C(O)C2[*],C1=CC=NC=C1,303,0.2,0.07
[*]CC(=O)OCC2OC(OC1C(O)C(OC(C)=O)C(O)OC1COC(C)=O)C(OC(C)=O)C(O)C2[*],C1=CC=NC=C1,303,0.4,0.09
[*]CC(=O)OCC2OC(OC1C(O)C(OC(C)=O)C(O)OC1COC(C)=O)C(OC(C)=O)C(O)C2[*],C1CCC1O,286,0,0.442
[*]CC(=O)OCC2OC(OC1C(O)C(OC(C)=O)C(O)OC1COC(C)=O)C(OC(C)=O)C(O)C2[*],C(Cl)(Cl)Cl,298,0,0.34
[*]CC(=O)OCC2OC(OC1C(O)C(OC(C)=O)C(O)OC1COC(C)=O)C(OC(C)=O)C(O)C2[*],C(Cl)(Cl)Cl,303,0.2,0.36
[*]CC(=O)OCC2OC(OC1C(O)C(OC(C)=O)C(O)OC1COC(C)=O)C(OC(C)=O)C(O)C2[*],C(Cl)(Cl)Cl,303,0.6,0.51
[*]CC(=O)OCC2OC(OC1C(O)C(OC(C)=O)C(O)OC1COC(C)=O)C(OC(C)=O)C(O)C2[*],C(Cl)Cl,298,0,0.3
[*]CC(=O)OCC2OC(OC1C(O)C(OC(C)=O)C(O)OC1COC(C)=O)C(OC(C)=O)C(O)C2[*],C(Cl)Cl,298,0.6,0.49
*CC(C)(C(=O)COCCO)*,C(COCCO)O,298,0,0.49
*CC(C(=O)N)*,O,276,0.1,0.51
*CC(C(=O)N)*,O,298,0,0.495
*CC(C(=O)N)*,O,298,0.06,0.53
*CC(C(=O)N)*,O,333,0.08,0.49
*CC=CC*,C1=CC=CC=C1,308,0.06,0.28
*CC=CC*,C(Cl)(Cl)(Cl)Cl,296.5,0.62,0.11
*CC=CC*,C(Cl)(Cl)(Cl)Cl,296.5,0.85,0.02
*CC=CC*,C(Cl)(Cl)Cl,296.5,0.6,-0.06
*CC=CC*,C(Cl)(Cl)Cl,296.5,0.8,-0.2
*CC=CC*,C(Cl)Cl,296.5,0.69,0.32
*CC=CC*,C(Cl)Cl,296.5,0.85,0.21
*CC=CC*,C1CCCCC1,296.5,0.65,0.46
*CC=CC*,C1CCCCC1,296.5,0.83,0.34
*CC=CC*,CCCCCCCCCC,308,0.16,0.46
*CC=CC*,CCCCCCCCCCCCCCCC,308,0.36,0.54
*CC=CC*,CCCCCC,296.5,0.67,0.61
*CC=CC*,CCCCCC,296.5,0.88,0.45
*CC=CC*,CCCCCCCC,323,0.38,0.31
*CC=CC*,CCCCCCCC,323,0.42,0.27
*CC(C)(C(=O)OCCCC)*,CCO,300,0,0.492
*CC(C)(C(=O)OCCCC)*,CCO,300,1,1.29
*CC(C)(C(=O)OCCCC)*,CCO,359,0,0.399
*CC(C)(C(=O)OCCCC)*,CCO,359,1,0.95
*CC(C)(C(=O)OCCCC)*,CC(O)C,313,0,0.509
*CC(C)(C(=O)OCCCC)*,CC(O)C,313,1,1.4
*CC(C)(C(=O)OCCCC)*,CC(O)C,353,0,0.477
*CC(C)(C(=O)OCCCC)*,CC(O)C,353,1,1
*CC(C(=O)N(CC)CC)*,CCO,283,0.08,0.47
*CC(C(=O)N(CC)CC)*,O,276,0.07,0.5
*CC(C(=O)N(CC)CC)*,O,303,0.05,0.62
*CC(C(=O)N(CC)CC)*,O,333,0.85,1.16
*CC(C(=O)N(C)C)*,CCO,283,0.08,0.4
*CC(C(=O)N(C)C)*,CCO,333,0.08,0.41
*CC(C(=O)N(C)C)*,O,276,0.07,0.48
*CC(C(=O)N(C)C)*,O,333,0.1,0.52
*CC(C(=O)NCC)*,CCO,283,0.08,0.39
*CC(C(=O)NCC)*,CCO,333,0.08,0.4
*CC(C(=O)NCC)*,O,276,0.05,0.42
*CC(C(=O)NCC)*,O,303,0.06,0.46
*CC(C(=O)NCC)*,O,333,0.1,0.51
*CC(C)(C(=O)OCCO)*,CCOCCOCCO,298,0,0.49
*CC(C)(C(=O)OCCO)*,CCOCCOCCO,298,0.35,0.4
*CC(c1ccc(O)cc1)*,CC(=O)C,443,1,0.25
*CC(c1ccc(O)cc1)*,CC(=O)C,463,1,0.58
*CC(c1ccc(O)cc1)*,CCC(=O)C,443,1,0.52
*CC(c1ccc(O)cc1)*,CCC(=O)C,463,1,0.62
*CC(c1ccc(O)cc1)*,CCCCOC(=O)C,443,1,1.47
*CC(c1ccc(O)cc1)*,CCCCOC(=O)C,463,1,1.2
*CC(c1ccc(O)cc1)*,Cl(c1ccccc1),463,1,1.99
*CC(c1ccc(O)cc1)*,C1COCCO1,463,1,-0.03
*CC(c1ccc(O)cc1)*,CCOC(=O)C,443,1,1.06
*CC(c1ccc(O)cc1)*,CCOC(=O)C,463,1,1.07
*CC(c1ccc(O)cc1)*,CC(C)CO,463,1,1.1
*CC(c1ccc(O)cc1)*,CCC(=O)CC,443,1,1.08
*CC(c1ccc(O)cc1)*,CCC(=O)CC,463,1,0.76
*CC(c1ccc(O)cc1)*,CCCO,463,1,1.01
*CC(c1ccc(O)cc1)*,CC(O)C,443,1,0.96
*CC(c1ccc(O)cc1)*,CC(O)C,463,1,0.84
*CC(c1ccc(O)cc1)*,CCCOC(=O)C,443,1,1.22
*CC(c1ccc(O)cc1)*,CCCOC(=O)C,463,1,1.1
*CC(c1ccc(O)cc1)*,C1CCOC1,443,1,0.21
*CC(c1ccc(O)cc1)*,C1CCOC1,463,1,0.27
*CC(c1ccc(O)cc1)*,C(c1ccccc1),443,1,2.2
*CC(c1ccc(O)cc1)*,C(c1ccccc1),463,1,2.22
*CC(C(=O)N(C(C)C))*,CCO,283,0.09,0.46
*CC(C(=O)N(C(C)C))*,CCO,333,0.09,0.47
*CC(C(=O)N(C(C)C))*,O,276,0.07,0.49
*CC(C(=O)N(C(C)C))*,O,303,0.14,0.55
*CC(C(=O)N(C(C)C))*,O,333,0.74,1.08
*CC(C(=O)OC)*,CC(=O)C,373,1,0.4
*CC(C(=O)OC)*,c1ccccc1,363,1,0.51
*CC(C(=O)OC)*,c1ccccc1,383,1,0.37
*CC(C(=O)OC)*,CCCC,373,1,1.86
*CC(C(=O)OC)*,CCCCO,373,1,0.79
*CC(C(=O)OC)*,CCC(=O)C,373,1,0.4
*CC(C(=O)OC)*,CCCCOC(=O)C,373,1,0.58
*CC(C(=O)OC)*,CCCC(c1ccccc1),363,1,1.14
*CC(C(=O)OC)*,CCCC(c1ccccc1),383,1,1.05
*CC(C(=O)OC)*,CC(C)(C)(c1ccccc1),363,1,1.03
*CC(C(=O)OC)*,CC(C)(C)(c1ccccc1),383,1,0.95
*CC(C(=O)OC)*,CCCCC1CCCCC1,363,1,2.3
*CC(C(=O)OC)*,CCCCC1CCCCC1,383,1,2.1
*CC(C(=O)OC)*,C(Cl)(Cl)(Cl)Cl,373,1,0.68
*CC(C(=O)OC)*,Cl(c1ccccc1),373,1,0.31
*CC(C(=O)OC)*,CCCC(Cl),373,1,0.74
*CC(C(=O)OC)*,C(Cl)(Cl)Cl,373,1,-0.1
*CC(C(=O)OC)*,C(Cl)Cl,373,1,0.34
*CC(C(=O)OC)*,CCCCC(Cl),373,1,0.84
*CC(C(=O)OC)*,C1CCCCCC1,373,1,1.56
*CC(C(=O)OC)*,C1CCCCC1,363,1,1.7
*CC(C(=O)OC)*,C1CCCCC1,383,1,1.5
*CC(C(=O)OC)*,C1CCC=CC1,373,1,1.31
*CC(C(=O)OC)*,C1CCCCCCC1,373,1,1.61
*CC(C(=O)OC)*,C1CCCC1,373,1,1.47
*CC(C(=O)OC)*,CCCCCCCCCC,361,1,2.7
*CC(C(=O)OC)*,CCCCCCCCCC,383,1,2.4
*CC(C(=O)OC)*,C(Cl)C(Cl),373,1,0.02
*CC(C(=O)OC)*,C1COCCO1,373,1,0.2
*CC(C(=O)OC)*,CCCCCCCCCCCC,363,1,3
*CC(C(=O)OC)*,CCCCCCCCCCCC,383,1,2.7
*CC(C(=O)OC)*,CCO,373,1,1.01
*CC(C(=O)OC)*,CCOC(=O)C,373,1,0.43
*CC(C(=O)OC)*,CC(c1ccccc1),363,1,0.83
*CC(C(=O)OC)*,CC(c1ccccc1),383,1,0.67
*CC(C(=O)OC)*,CCCCCCC,373,1,2.1
*CC(C(=O)OC)*,CCCCCC,373,1,2.08
*CC(C(=O)OC)*,COC(=O)C,373,1,0.38
*CC(C(=O)OC)*,C1=CC=C2C=CC=CC2=C1,373,1,0.48
*CC(C(=O)OC)*,C1=CC=C2C=CC=CC2=C1,383,1,0.48
*CC(C(=O)OC)*,CCCCCCCCC,373,1,2.4
*CC(C(=O)OC)*,CCCCCCCC,363,1,2.4
*CC(C(=O)OC)*,CCCCCCCC,373,1,2.2
*CC(C(=O)OC)*,CCCCC,373,1,1.92
*CC(C(=O)OC)*,CCCCCO,373,1,0.76
*CC(C(=O)OC)*,CCC,373,1,2.5
*CC(C(=O)OC)*,CCCO,373,1,0.82
*CC(C(=O)OC)*,CCCOC(=O)C,373,1,0.49
*CC(C(=O)OC)*,CCCCCCCCCCCCCC,363,1,3.4
*CC(C(=O)OC)*,CCCCCCCCCCCCCC,383,1,3.1
*CC(C(=O)OC)*,C1CCOC1,373,1,0.34
*CC(C(=O)OC)*,C1CCC2=CC=CC=C2C1,363,1,1.04
*CC(C(=O)OC)*,C1CCC2=CC=CC=C2C1,383,1,0.95
*CC(C(=O)OC)*,CCC(C)(C)C(C)(C)CC,363,1,2.2
*CC(C(=O)OC)*,CCC(C)(C)C(C)(C)CC,383,1,1.9
*CC(C(=O)OC)*,C(c1ccccc1),363,1,0.67
*CC(C(=O)OC)*,C(c1ccccc1),383,1,0.62
*CC(C(=O)OC)*,C(c1ccccc1),373,1,0.53
*CC(C(=O)OC)*,CCC(C)C(C)C(C)CC,363,1,2.4
*CC(C(=O)OC)*,CCC(C)C(C)C(C)CC,383,1,2.2
*CC(C(=O)OC)*,CC(C)CCC(C)(C)C,363,1,2.5
*CC(C(=O)OC)*,CC(C)CCC(C)(C)C,383,1,2.2
*CC(C(=O)OC)*,CC(C)CC(C)(C)C,363,1,2.4
*CC(C(=O)OC)*,CC(C)CC(C)(C)C,383,1,2.1
*CC(C(=O)OC)*,CCCCCCCCCCC,373,1,2.7
*CC(c1ccccc1)*,CC(=O)O,435,1,3
*CC(c1ccccc1)*,CC(=O)O,502,1,2.1
*CC(c1ccccc1)*,CC(=O),298,0.6,0.81
*CC(c1ccccc1)*,CC(=O),298,1,1.1
*CC(c1ccccc1)*,CC(=O),313,1,1.08
*CC(c1ccccc1)*,CC(=O),323,0.6,0.8
*CC(c1ccccc1)*,CC(=O),323,0.8,0.92
*CC(c1ccccc1)*,CC(=O),435,1,1.3
*CC(c1ccccc1)*,CC(=O),502,1,0.56
*CC(c1ccccc1)*,CC#N,435,1,2.02
*CC(c1ccccc1)*,CC#N,502,1,0.93
*CC(c1ccccc1)*,C1=CC=C(C=C1)N,435,1,1.11
*CC(c1ccccc1)*,C1=CC=C(C=C1)N,502,1,0.68
*CC(c1ccccc1)*,C1=CC=C(C=C1)C=O,435,1,1.22
*CC(c1ccccc1)*,C1=CC=C(C=C1)C=O,502,1,0.8
*CC(c1ccccc1)*,c1ccccc1,288,0.3,0.4
*CC(c1ccccc1)*,c1ccccc1,288,0.8,0.26
*CC(c1ccccc1)*,c1ccccc1,298,0,0.455
*CC(c1ccccc1)*,c1ccccc1,303,0,0.43
*CC(c1ccccc1)*,c1ccccc1,303,0.3,0.4
*CC(c1ccccc1)*,c1ccccc1,303,0.8,0.26
*CC(c1ccccc1)*,c1ccccc1,313,1,0.26
*CC(c1ccccc1)*,c1ccccc1,318,0.3,0.4
*CC(c1ccccc1)*,c1ccccc1,318,0.8,0.26
*CC(c1ccccc1)*,c1ccccc1,333,0.3,0.4
*CC(c1ccccc1)*,c1ccccc1,333,0.8,0.26
*CC(c1ccccc1)*,c1ccccc1,393,1,0.32
*CC(c1ccccc1)*,c1ccccc1,473,1,0.39
*CC(c1ccccc1)*,c1ccccc1,433,1,0.29
*CC(c1ccccc1)*,c1ccccc1,453,1,0.24
*CC(c1ccccc1)*,c1ccccc1,435,1,0.66
*CC(c1ccccc1)*,c1ccccc1,502,1,0.13
*CC(c1ccccc1)*,c1ccccc1,296.5,0.61,0.28
*CC(c1ccccc1)*,c1ccccc1,296.5,0.79,0.17
*CC(c1ccccc1)*,C1=CC=C(C=C1)CO,435,1,1.42
*CC(c1ccccc1)*,C1=CC=C(C=C1)CO,502,1,0.65
*CC(c1ccccc1)*,CCCCO,435,1,1.47
*CC(c1ccccc1)*,CCCCO,502,1,0.82
*CC(c1ccccc1)*,CCCC(=O),283,0.2,0.547
*CC(c1ccccc1)*,CCCC(=O),323,0.2,0.542
*CC(c1ccccc1)*,CCCC(=O),298,0.4,0.63
*CC(c1ccccc1)*,CCCC(=O),298,0.8,0.77
*CC(c1ccccc1)*,CCCC(=O),300,0,0.49
*CC(c1ccccc1)*,CCCC(=O),325,0,0.474
*CC(c1ccccc1)*,CCCC(=O),313,1,0.84
*CC(c1ccccc1)*,CCCC(=O),343,0.6,0.63
*CC(c1ccccc1)*,CCCC(=O),343,0.8,0.72
*CC(c1ccccc1)*,CCCC(=O),435,1,1.16
*CC(c1ccccc1)*,CCCC(=O),502,1,0.36
*CC(c1ccccc1)*,CCCCOC(=O)C,303,0,0.466
*CC(c1ccccc1)*,CCCCOC(=O)C,435,1,1.01
*CC(c1ccccc1)*,CCCCOC(=O)C,502,1,0.45
*CC(c1ccccc1)*,CC(C)(C)OC(=O)C,295,0,0.501
*CC(c1ccccc1)*,CC(C)(C)OC(=O)C,384,0,0.501
*CC(c1ccccc1)*,CC(C)(C)OC(=O)C,303,0.12,0.6
*CC(c1ccccc1)*,CC(C)(C)OC(=O)C,363,0.32,0.59
*CC(c1ccccc1)*,CC(C)(C)OC(=O)C,416,1,0.39
*CC(c1ccccc1)*,CC(C)(C)OC(=O)C,456,1,0.1
*CC(c1ccccc1)*,CCCC(c1ccccc1),456,1,0.38
*CC(c1ccccc1)*,CCCC(c1ccccc1),476,1,0.34
*CC(c1ccccc1)*,CCCC(C1CCCCC1),433,1,0.77
*CC(c1ccccc1)*,CCCC(C1CCCCC1),453,1,0.71
*CC(c1ccccc1)*,C(Cl)(Cl)(Cl)Cl,313,1,0.29
*CC(c1ccccc1)*,C(Cl)(Cl)(Cl)Cl,435,1,0.9
*CC(c1ccccc1)*,C(Cl)(Cl)(Cl)Cl,502,1,0.26
*CC(c1ccccc1)*,C(Cl)(Cl)(Cl)Cl,296.5,0.71,0.22
*CC(c1ccccc1)*,C(Cl)(Cl)(Cl)Cl,296.5,0.81,0.24
*CC(c1ccccc1)*,Cl(c1ccccc1),303,0,0.454
*CC(c1ccccc1)*,Cl(c1ccccc1),435,1,0.68
*CC(c1ccccc1)*,Cl(c1ccccc1),502,1,0.28
*CC(c1ccccc1)*,Cl(c1ccccc1),410.6,1,0.3
*CC(c1ccccc1)*,C(Cl)(Cl)Cl,298,0.2,0.52
*CC(c1ccccc1)*,C(Cl)(Cl)Cl,298,0.8,0.17
*CC(c1ccccc1)*,C(Cl)(Cl)Cl,313,1,0.13
*CC(c1ccccc1)*,C(Cl)(Cl)Cl,323,0.2,0.45
*CC(c1ccccc1)*,C(Cl)(Cl)Cl,323,0.8,0.14
*CC(c1ccccc1)*,C(Cl)(Cl)Cl,435,1,0.43
*CC(c1ccccc1)*,C(Cl)(Cl)Cl,502,1,-0.01
*CC(c1ccccc1)*,C(Cl)(Cl)Cl,296.5,0.62,0.05
*CC(c1ccccc1)*,C(Cl)(Cl)Cl,296.5,0.81,-0.15
*CC(c1ccccc1)*,CC(C)C1=CC=CC=C1,298,0,0.444
*CC(c1ccccc1)*,C1CCC(=O)CC1,300,0,0.436
*CC(c1ccccc1)*,C1CCC(=O)CC1,330,0,0.436
*CC(c1ccccc1)*,C1CCCC1,313,1,0.64
*CC(c1ccccc1)*,C1CCC2CCCCC2C1,456,1,0.47
*CC(c1ccccc1)*,C1CCC2CCCCC2C1,476,1,0.42
*CC(c1ccccc1)*,CCCCCCCCCC,456,1,1.01
*CC(c1ccccc1)*,CCCCCCCCCC,476,1,0.94
*CC(c1ccccc1)*,CCCCCCCCCC,393,1,1.36
*CC(c1ccccc1)*,CCCCCCCCCC,433,1,1.03
*CC(c1ccccc1)*,CC(Cl)Cl,435,1,0.85
*CC(c1ccccc1)*,CC(Cl)Cl,502,1,0.22
*CC(c1ccccc1)*,C(Cl)Cl,313,1,0.34
*CC(c1ccccc1)*,C(Cl)Cl,435,1,0.62
*CC(c1ccccc1)*,C(Cl)Cl,502,1,-0.21
*CC(c1ccccc1)*,C(Cl)Cl,296.5,0.64,0.17
*CC(c1ccccc1)*,C(Cl)Cl,296.5,0.82,0.05
*CC(c1ccccc1)*,C1COCCO1,313,1,0.43
*CC(c1ccccc1)*,C1COCCO1,435,1,0.95
*CC(c1ccccc1)*,C1COCCO1,502,1,0.42
*CC(c1ccccc1)*,CCCCCCCCCCCC,456,1,1.09
*CC(c1ccccc1)*,CCCCCCCCCCCC,476,1,1
*CC(c1ccccc1)*,CCO,435,1,1.8
*CC(c1ccccc1)*,CCO,502,1,0.43
*CC(c1ccccc1)*,CCOC(=O)C,300,0,0.49
*CC(c1ccccc1)*,CCOC(=O)C,322,0,0.49
*CC(c1ccccc1)*,CCOC(=O)C,435,1,1.14
*CC(c1ccccc1)*,CCOC(=O)C,502,1,0.35
*CC(c1ccccc1)*,CC(c1ccccc1),283,0.2,0.44
*CC(c1ccccc1)*,CC(c1ccccc1),333,0.2,0.44
*CC(c1ccccc1)*,CC(c1ccccc1),298,0,0.45
*CC(c1ccccc1)*,CC(c1ccccc1),393,1,0.22
*CC(c1ccccc1)*,CC(c1ccccc1),458,1,0.14
*CC(c1ccccc1)*,C(CO)O,435,1,3.8
*CC(c1ccccc1)*,C(CO)O,502,1,2.2
*CC(c1ccccc1)*,CCOCC,435,1,0.48
*CC(c1ccccc1)*,CCOCC,502,1,0.71
*CC(c1ccccc1)*,F(c1ccccc1),313,1,0.37
*CC(c1ccccc1)*,C(=O)N,435,1,4.1
*CC(c1ccccc1)*,C(=O)N,502,1,3.2
*CC(c1ccccc1)*,CCCCCCC,313,1,0.95
*CC(c1ccccc1)*,CCCCCCC,435,1,1.33
*CC(c1ccccc1)*,CCCCCCC,502,1,0.25
*CC(c1ccccc1)*,CCCCCC,313,1,0.97
*CC(c1ccccc1)*,CCCCCC,435,1,1.35
*CC(c1ccccc1)*,CCCCCC,502,1,-0.03
*CC(c1ccccc1)*,CCCCCCCCCCCCCCCC,456,1,1.22
*CC(c1ccccc1)*,CCCCCCCCCCCCCCCC,476,1,1.14
*CC(c1ccccc1)*,CC(C)OC(C)C,313,1,0.78
*CC(c1ccccc1)*,CC(C)OC(C)C,435,1,1.42
*CC(c1ccccc1)*,CC(C)OC(C)C,502,1,0.41
*CC(c1ccccc1)*,CO,435,1,2.19
*CC(c1ccccc1)*,CO,502,1,0.44
*CC(c1ccccc1)*,C(C1CCCCC1),345,0,0.49
*CC(c1ccccc1)*,C(C1CCCCC1),345,0.4,0.67
*CC(c1ccccc1)*,CC(C)CO,435,1,1.71
*CC(c1ccccc1)*,CC(C)CO,502,1,0.81
*CC(c1ccccc1)*,C1=CC=C2C=CC=CC2=C1,456,1,0.12
*CC(c1ccccc1)*,C1=CC=C2C=CC=CC2=C1,476,1,0.12
*CC(c1ccccc1)*,C1=CC=C(C=C1)[N+](=O)[O-],435,1,2.19
*CC(c1ccccc1)*,C1=CC=C(C=C1)[N+](=O)[O-],502,1,0.8
*CC(c1ccccc1)*,CCCCCCCC,313,1,0.95
*CC(c1ccccc1)*,CCCCCCCC,435,1,2.19
*CC(c1ccccc1)*,CCCCCCCC,502,1,0.8
*CC(c1ccccc1)*,CCCCCCCCO,435,1,1.41
*CC(c1ccccc1)*,CCCCCCCCO,502,1,0.55
*CC(c1ccccc1)*,CCCCC,435,1,1.12
*CC(c1ccccc1)*,CCCCC,502,1,0.83
*CC(c1ccccc1)*,CCCCCO,435,1,1.74
*CC(c1ccccc1)*,CCCCCO,502,1,0.86
*CC(c1ccccc1)*,CCCO,435,1,1.71
*CC(c1ccccc1)*,CCCO,502,1,0.27
*CC(c1ccccc1)*,CC(O)C,313,1,2.6
*CC(c1ccccc1)*,CC(O)C,435,1,1.74
*CC(c1ccccc1)*,CC(O)C,502,1,-0.15
*CC(c1ccccc1)*,CCCOC(=O)C,298,0.4,0.66
*CC(c1ccccc1)*,CCCOC(=O)C,298,0.8,0.66
*CC(c1ccccc1)*,CCCOC(=O)C,313,1,0.52
*CC(c1ccccc1)*,CCCOC(=O)C,343,0.4,0.6
*CC(c1ccccc1)*,CCCOC(=O)C,343,0.8,0.6
*CC(c1ccccc1)*,C1=CC=NC=C1,435,1,1.02
*CC(c1ccccc1)*,C1=CC=NC=C1,502,1,0.23
*CC(c1ccccc1)*,C(=C(Cl)Cl)(Cl)Cl,313,1,0.36
*CC(c1ccccc1)*,CCCCCCCCCCCCCC,456,1,1.14
*CC(c1ccccc1)*,CCCCCCCCCCCCCC,476,1,1.08
*CC(c1ccccc1)*,C1CCOC1,435,1,0.7
*CC(c1ccccc1)*,C1CCOC1,502,1,-0.16
*CC(c1ccccc1)*,C1CCC2=CC=CC=C2C1,456,1,0.2
*CC(c1ccccc1)*,C1CCC2=CC=CC=C2C1,476,1,0.2
*CC(c1ccccc1)*,CCC(C)(C)C(C)(C)CC,433,1,0.9
*CC(c1ccccc1)*,CCC(C)(C)C(C)(C)CC,453,1,0.76
*CC(c1ccccc1)*,C(c1ccccc1),295,0.2,0.4
*CC(c1ccccc1)*,C(c1ccccc1),295,0.6,0.4
*CC(c1ccccc1)*,C(c1ccccc1),298,0.4,0.42
*CC(c1ccccc1)*,C(c1ccccc1),300,0,0.437
*CC(c1ccccc1)*,C(c1ccccc1),313,0,0.482
*CC(c1ccccc1)*,C(c1ccccc1),313,1,0.19
*CC(c1ccccc1)*,C(c1ccccc1),318,0,0.41
*CC(c1ccccc1)*,C(c1ccccc1),318,0.3,0.37
*CC(c1ccccc1)*,C(c1ccccc1),333,0.8,0.32
*CC(c1ccccc1)*,C(c1ccccc1),341,0.4,0.452
*CC(c1ccccc1)*,C(c1ccccc1),353,0.6,0.4
*CC(c1ccccc1)*,C(c1ccccc1),353,1,0.35
*CC(c1ccccc1)*,C(c1ccccc1),435,1,0.67
*CC(c1ccccc1)*,C(c1ccccc1),502,1,0.04
*CC(c1ccccc1)*,C(c1ccccc1),296.5,0.66,0.34
*CC(c1ccccc1)*,C(c1ccccc1),296.5,0.83,0.22
*CC(c1ccccc1)*,C(c1ccccc1),298,0.03,0.43
*CC(c1ccccc1)*,C(c1ccccc1),298,0.34,0.4
*CC(c1ccccc1)*,C(c1ccccc1),298,0.07,0.4
*CC(c1ccccc1)*,C(c1ccccc1),313,0.06,0.42
*CC(c1ccccc1)*,C(c1ccccc1),313,0.18,0.42
*CC(c1ccccc1)*,C(c1ccccc1),410.6,1,0.32
*CC(c1ccccc1)*,C(=C(Cl)Cl)C,313,1,0.19
*CC(c1ccccc1)*,C(=C(Cl)Cl)C,435,1,0.69
*CC(c1ccccc1)*,C(=C(Cl)Cl)C,502,1,0.12
*CC(c1ccccc1)*,CC(C)CC(C)(C)C,435,1,1.72
*CC(c1ccccc1)*,CC(C)CC(C)(C)C,502,1,0.35
*CC(c1ccccc1)*,O,435,1,4.4
*CC(c1ccccc1)*,O,502,1,3.1
*CC(c1ccccc1)*,Cc1ccccc1C,435,1,0.72
*CC(c1ccccc1)*,Cc1ccccc1C,502,1,0.26
*C(OC(=O)C)C*,CC=O,398,1,0.35
*C(OC(=O)C)C*,CC=O,413,1,0.32
*C(OC(=O)C)C*,CC(=O)C,298,0,0.4
*C(OC(=O)C)C*,CC(=O)C,302,0.8,0.4
*C(OC(=O)C)C*,CC(=O)C,313,1,0.34
*C(OC(=O)C)C*,CC(=O)C,323,1,0.39
*C(OC(=O)C)C*,CC(=O)C,373,1,0.32
*C(OC(=O)C)C*,CC(=O)C,413,1,0.21
*C(OC(=O)C)C*,CC#N,398,1,0.54
*C(OC(=O)C)C*,CC#N,413,1,0.49
*C(OC(=O)C)C*,C=CCCl,313,1,0.27
*C(OC(=O)C)C*,c1ccccc1,278,0.2,0.46
*C(OC(=O)C)C*,c1ccccc1,293,0,0.42
*C(OC(=O)C)C*,c1ccccc1,303,0.4,0.45
*C(OC(=O)C)C*,c1ccccc1,303,0.8,0.29
*C(OC(=O)C)C*,c1ccccc1,308,0,0.51
*C(OC(=O)C)C*,c1ccccc1,335,0,0.42
*C(OC(=O)C)C*,c1ccccc1,303,1,0.3
*C(OC(=O)C)C*,c1ccccc1,323,1,0.26
*C(OC(=O)C)C*,c1ccccc1,353,1,0.44
*C(OC(=O)C)C*,c1ccccc1,413,1,0.25
*C(OC(=O)C)C*,c1ccccc1,398,1,0.37
*C(OC(=O)C)C*,c1ccccc1,418,1,0.32
*C(OC(=O)C)C*,CCCC,373,1,1.97
*C(OC(=O)C)C*,CCCCO,373,1,0.62
*C(OC(=O)C)C*,CCCCO,408,1,0.38
*C(OC(=O)C)C*,CCC(O)C,408,1,0.31
*C(OC(=O)C)C*,CCC(=O)C,283,0,0.43
*C(OC(=O)C)C*,CCC(=O)C,318,0,0.43
*C(OC(=O)C)C*,CCC(=O)C,373,1,0.34
*C(OC(=O)C)C*,CCC(=O)C,413,1,0.2
*C(OC(=O)C)C*,CCCCOC(=O)C,373,1,0.51
*C(OC(=O)C)C*,CCCC(c1ccccc1),398,1,0.95
*C(OC(=O)C)C*,CCCC(c1ccccc1),418,1,0.88
*C(OC(=O)C)C*,CCCC(C1CCCCC1),398,1,1.9
*C(OC(=O)C)C*,CCCC(C1CCCCC1),418,1,1.75
*C(OC(=O)C)C*,C(Cl)(Cl)(Cl)Cl,363,1,0.85
*C(OC(=O)C)C*,C(Cl)(Cl)(Cl)Cl,408,1,0.63
*C(OC(=O)C)C*,Cl(c1ccccc1),373,1,0.28
*C(OC(=O)C)C*,Cl(c1ccccc1),408,1,0.33
*C(OC(=O)C)C*,CCCC(Cl),373,1,0.73
*C(OC(=O)C)C*,CCCC(Cl),408,1,0.66
*C(OC(=O)C)C*,C(Cl)(Cl)Cl,353,1,-0.17
*C(OC(=O)C)C*,C(Cl)(Cl)Cl,408,1,-0.09
*C(OC(=O)C)C*,CCl,373,1,0.25
*C(OC(=O)C)C*,CCCCCCl,373,1,0.82
*C(OC(=O)C)C*,CCCCl,313,1,0.75
*C(OC(=O)C)C*,C1CCCCCC1,373,1,1.63
*C(OC(=O)C)C*,C1CCCCC1,373,1,1.65
*C(OC(=O)C)C*,C1CCCCC1,413,1,1.16
*C(OC(=O)C)C*,C1CCC=CC1,373,1,1.18
*C(OC(=O)C)C*,C1CCC(CC1)O,408,1,0.44
*C(OC(=O)C)C*,C1CCCCCCC1,373,1,1.67
*C(OC(=O)C)C*,C1CCCC1,373,1,1.53
*C(OC(=O)C)C*,C1CCC2CCCCC2C1,398,1,1.65
*C(OC(=O)C)C*,C1CCC2CCCCC2C1,418,1,1.5
*C(OC(=O)C)C*,CCCCCCCCCC,373,1,2.5
*C(OC(=O)C)C*,CCCCCCCCCC,418,1,2.01
*C(OC(=O)C)C*,CCCCCCCCCCO,408,1,0.81
*C(OC(=O)C)C*,CC(Cl)Cl,373,1,0.19
*C(OC(=O)C)C*,C(Cl)C(Cl),373,1,-0.04
*C(OC(=O)C)C*,C(Cl)C(Cl),413,1,0
*C(OC(=O)C)C*,C(Cl)Cl,373,1,-0.14
*C(OC(=O)C)C*,COC(=O)C1=CC=CC=C1C(=O)OC,298,0,0.4
*C(OC(=O)C)C*,C1COCCO1,298,0,0.407
*C(OC(=O)C)C*,C1COCCO1,373,1,0.17
*C(OC(=O)C)C*,C1COCCO1,413,1,0.03
*C(OC(=O)C)C*,CCCCCCCCCCCC,398,1,2.48
*C(OC(=O)C)C*,CCCCCCCCCCCC,418,1,2.27
*C(OC(=O)C)C*,CCO,323,0,0.47
*C(OC(=O)C)C*,CCO,373,1,0.8
*C(OC(=O)C)C*,CCOC(=O)C,293,0,0.415
*C(OC(=O)C)C*,CCOC(=O)C,373,1,0.36
*C(OC(=O)C)C*,CC(c1ccccc1),373,1,0.66
*C(OC(=O)C)C*,CC(c1ccccc1),408,1,0.58
*C(OC(=O)C)C*,CCCCCCC,373,1,2.14
*C(OC(=O)C)C*,CCCCCCC,393,1,1.63
*C(OC(=O)C)C*,CCCCCCCO,408,1,0.55
*C(OC(=O)C)C*,CCCCCC,373,1,2.06
*C(OC(=O)C)C*,CCCCCC,393,1,1.71
*C(OC(=O)C)C*,CCCCCCO,408,1,0.49
*C(OC(=O)C)C*,CC(C)N,313,1,0.66
*C(OC(=O)C)C*,CO,398,1,0.77
*C(OC(=O)C)C*,CO,413,1,0.73
*C(OC(=O)C)C*,COC(=O)C,373,1,0.3
*C(OC(=O)C)C*,CC(C)(C)O,408,1,0.3
*C(OC(=O)C)C*,CC[N+](=O)[O-],398,1,0.14
*C(OC(=O)C)C*,CC[N+](=O)[O-],422,1,0.19
*C(OC(=O)C)C*,CCCCCCCCC,373,1,2.38
*C(OC(=O)C)C*,CCCCCCCCC,418,1,1.88
*C(OC(=O)C)C*,CCCCCCCC,363,1,2.3
*C(OC(=O)C)C*,CCCCCCCC,393,1,1.94
*C(OC(=O)C)C*,CCCCCCCCO,408,1,0.65
*C(OC(=O)C)C*,C=CCCCCCC,408,1,1.55
*C(OC(=O)C)C*,CCCCC,373,1,2.06
*C(OC(=O)C)C*,CCCCCO,373,1,0.59
*C(OC(=O)C)C*,CCCCCO,408,1,0.41
*C(OC(=O)C)C*,CCCC(=O)C,408,1,0.38
*C(OC(=O)C)C*,CCC,373,1,3.2
*C(OC(=O)C)C*,CCCO,303,1,1.3
*C(OC(=O)C)C*,CCCO,323,1,1
*C(OC(=O)C)C*,CCCO,373,1,0.64
*C(OC(=O)C)C*,CCCO,408,1,0.38
*C(OC(=O)C)C*,CC(O)C,398,1,0.44
*C(OC(=O)C)C*,CC(O)C,413,1,0.35
*C(OC(=O)C)C*,CCCOC(=O)C,373,1,0.42
*C(OC(=O)C)C*,CCCN,313,1,0.61
*C(OC(=O)C)C*,C1CCOC1,373,1,0.3
*C(OC(=O)C)C*,C1CCOC1,413,1,0.14
*C(OC(=O)C)C*,C1CCC2=CC=CC=C2C1,398,1,0.83
*C(OC(=O)C)C*,C1CCC2=CC=CC=C2C1,418,1,0.77
*C(OC(=O)C)C*,CCC(C)(C)C(C)(C)CC,398,1,1.72
*C(OC(=O)C)C*,CCC(C)(C)C(C)(C)CC,418,1,1.56
*C(OC(=O)C)C*,C(c1ccccc1),353,1,0.56
*C(OC(=O)C)C*,C(c1ccccc1),413,1,0.4
*C(OC(=O)C)C*,C(C(CCl)Cl)Cl,288,0,0.38
*C(OC(=O)C)C*,C(C(CCl)Cl)Cl,323,0,0.38
*C(OC(=O)C)C*,CC(C)CC(C)(C)C,373,1,2.17
*C(OC(=O)C)C*,CC(C)CC(C)(C)C,393,1,1.86
*C(OC(=O)C)C*,CCCCCCCCCCC,373,1,2.7
*C(OC(=O)C)C*,CCCCCCCCCCC,418,1,2.14
*C(OC(=O)C)C*,CC(=O)OC=C,303,0.4,0.41
*C(OC(=O)C)C*,CC(=O)OC=C,303,0.8,0.22
*C(OC(=O)C)C*,O,313,1,2.5
*C(N1CCCC1=O)C*,O,298,0.06,0.48
*C*,CC(C)CCC(C)C,422,1,0.4
*C*,CCC1=CC=CC=C1,422,1,0.37
*C*,CC1=CC(=CC(=C1)C)C,422,1,0.28
*C*,CCCCC(C)CC,422,1,0.4
*C*,CC1=CC=CC=C1,422,1,0.39
*C*,CCCC(C)CC(C)(C)C,422,1,0.4
*C*,O(c1ccccc1),408,1,1.5
*C*,C1CC=C2CC=CC=C2C1,393,1,0.28
*C*,C1CCC(CC1)O,408,1,1.22
*C*,CCC(C)CC(C)C,393,1,0.33
*C*,CCC(C)C(C)CC,393,1,0.25
*C*,CCCCCCC=C,408,1,0.31
*C*,CCCC(=O)C,408,1,0.88
*C*,CCC(C)CC(C)(C)C,393,1,0.28
*C*,CC(C)CCC(C)C  ,393,1,0.35
*C*,Cc1cc(cc(c1)C)C,393,1,0.24
*C*,CC(C)CCC(C)C  ,422,1,0.4
*C*,Cc1cc(cc(c1)C)C,422,1,0.28
*C*,CC1=CC(=CC=C1)C,393,1,0.29
*C*,C1CCC2=CC=CC=C2C1,378,0,0.495
*C*,CCCC(C)CC,422,1,0.4
*C*,CCCCCCCCCCCC,383,1,0.18
*C*,CCCCCCCCCCCC,393,1,0.24
*C*,CC(C)CC(C)(C)C,393,1,0.34
*C*,CC(C)CC(C)(C)C,422,1,0.4
*C*,CC1=CC=C(C=C1)C,354,0,0.45
*C*,CC1=CC=C(C=C1)C,393,1,0.28
*C*,CC1=CC=C(C=C1)C,346,0,0.49
*C*,CCCCCl,408,1,0.44
*C*,CCCCO,408,1,1.38
*C*,CCCCCCCCC,393,1,0.28
*C*,Cl(c1ccccc1),408,1,0.34
*C*,CC(c1ccccc1),393,1,0.33
*C*,CC(c1ccccc1),422,1,0.37
*C*,C(Cl)(Cl)(Cl)Cl,408,1,0.24
*C*,CCCCCCCC,393,1,0.3
*C*,C(Cl)(Cl)Cl,408,1,0.41
*C*,CCCCCCC,382,0.2,0.29
*C*,CCCCCCC,382,0.6,0.34
*C*,C(c1ccccc1),393,1,0.34
*C*,C(c1ccccc1),422,1,0.39
*C*,C1CCCCC1,398,1,0.18
*C*,c1ccccc1,398,1,0.43
*C*,c1ccccc1,408,1,0.36
